<?xml version="1.0" encoding="utf-8"?>
<extension version="2.5" type="plugin" group="content" method="upgrade">
  <name>Editor - Profil bootstrap editor content</name>
  <author>David Hoffmann</author>
  <creationDate>June 2014</creationDate>
  <copyright>Copyright (c) 2014 Profil PR &amp; Werbeagentur All rights reserved.</copyright>
  <license>GNU/GPL license: http://www.gnu.org/copyleft/gpl.html</license>
  <authorEmail>web@profilpr.de</authorEmail>
  <authorUrl>profilpr.de</authorUrl>
  <version>1.0</version>
  <description>PLG_PROFIL_BOOTSTRAP_EDITOR_CONTENT_DESCRIPTION</description>
  <files>
    <filename plugin="profil_bootstrap_editor_content">profil_bootstrap_editor_content.php</filename>
    <filename>index.html</filename>
    <filename>language/en-GB/en-GB.plg_content_profil_bootstrap_editor_content.sys.ini</filename>
    <filename>language/de-DE/de-DE.plg_content_profil_bootstrap_editor_content.sys.ini</filename>
    <folder>language</folder>
  </files>
  <languages folder="language">
    <language tag="en-GB">en-GB/en-GB.plg_content_profil_bootstrap_editor_content.ini</language>
    <language tag="en-GB">en-GB/en-GB.plg_content_profil_bootstrap_editor_content.sys.ini</language>
    <language tag="de-DE">de-DE/de-DE.plg_content_profil_bootstrap_editor_content.ini</language>
    <language tag="de-DE">de-DE/de-DE.plg_content_profil_bootstrap_editor_content.sys.ini</language>
  </languages>
</extension>