<?xml version="1.0" encoding="UTF-8" ?>
 <extension type="package" version="3.0" method="upgrade">
 <name>Bootstrap editor package</name>
 <author>David Hoffmann</author>
 <creationDate>June 2014</creationDate>
 <packagename>profil_bootstrap_editor</packagename>
 <version>1.0.0</version>
 <url>http://www.profilpr.de/</url>
 <copyright>Copyright (c) 2014 Profil PR &amp; Werbeagentur All rights reserved.</copyright>
 <license>GNU/GPL license: http://www.gnu.org/copyleft/gpl.html</license>
 <packager>profilpr</packager>
 <packagerurl>http://www.profilpr.de/</packagerurl>
 <description>PKG_PROFIL_BOOTSTRAP_EDITOR_DESCRIPTION</description>
 <files folder="pkg_profil_bootstrap_editor">
   <file type="plugin" id="profil_bootstrap_editor" group="editors">profil_bootstrap_editor.zip</file>
   <file type="plugin" id="profil_bootstrap_editor_content" group="content">profil_bootstrap_editor_content.zip</file>
 </files>
 <languages folder="language">
    <language tag="de-DE">de-DE/de-DE.pkg_profil_bootstrap_editor.sys.ini</language>
    <language tag="de-DE">de-DE/de-DE.pkg_profil_bootstrap_editor.ini</language>
    <language tag="en-GB">en-GB/en-GB.pkg_profil_bootstrap_editor.sys.ini</language>
    <language tag="en-GB">en-GB/en-GB.pkg_profil_bootstrap_editor.ini</language>
</languages>
 </extension>